File_Source,Book_Title,Region,Unit_Price,Return_%,Total_In,Total_Return,Net_Purchase
GKT LK 2026,GKT T4'26,TOTAL,34.0,0.15396458814472824,1299.0,2.0,1297.0
GKT LK 2026,GKT T4'26,Johor,34.0,0.0,1084.0,0.0,1084.0
GKT LK 2026,GKT T4'26,Melaka,34.0,0.9302325581395321,215.0,2.0,213.0
GKT LK 2026,GKT T5'25,TOTAL,30.0,2.7077497665732975,1071.0,29.0,1042.0
GKT LK 2026,GKT T5'25,Johor,30.0,3.0000000000000027,900.0,27.0,873.0
GKT LK 2026,GKT T5'25,Melaka,30.0,1.1695906432748537,171.0,2.0,169.0
GKT LK 2026,MTP GKT SPM'25,TOTAL,25.0,2.9451137884872858,747.0,22.0,725.0
GKT LK 2026,MTP GKT SPM'25,Johor,25.0,3.2496307237813937,677.0,22.0,655.0
GKT LK 2026,MTP GKT SPM'25,Melaka,25.0,0.0,70.0,0.0,70.0
GKT LK 2026,LK T4'26,TOTAL,34.0,3.3333333333333326,420.0,14.0,406.0
GKT LK 2026,LK T4'26,Johor,34.0,0.0,180.0,0.0,180.0
GKT LK 2026,LK T4'26,Melaka,34.0,5.833333333333335,240.0,14.0,226.0
GKT LK 2026,LK T5'25,TOTAL,29.0,13.571428571428568,420.0,57.0,363.0
GKT LK 2026,LK T5'25,Johor,29.0,0.5555555555555536,180.0,1.0,179.0
GKT LK 2026,LK T5'25,Melaka,29.0,23.33333333333333,240.0,56.0,184.0
GKT LK 2026,MTP LK SPM'25,TOTAL,24.0,10.999999999999998,400.0,44.0,356.0
GKT LK 2026,MTP LK SPM'25,Johor,24.0,4.705882352941182,170.0,8.0,162.0
GKT LK 2026,MTP LK SPM'25,Melaka,24.0,15.652173913043477,230.0,36.0,194.0
STPM P1 2027,PA1 NOTA 2026,TOTAL,35.0,2.8780487804878074,4100.0,118.0,3982.0
STPM P1 2027,PA1 NOTA 2026,Johor,35.0,3.8064516129032278,3100.0,118.0,2982.0
STPM P1 2027,PA1 NOTA 2026,Melaka,35.0,0.0,1000.0,0.0,1000.0
STPM P1 2027,PA1 MTP 2026,TOTAL,12.0,1.5045135406218657,2991.0,45.0,2946.0
STPM P1 2027,PA1 MTP 2026,Johor,12.0,0.0,1958.0,0.0,1958.0
STPM P1 2027,PA1 MTP 2026,Melaka,12.0,4.356243949661176,1033.0,45.0,988.0
STPM P1 2027,PA1 ESEI 2026,TOTAL,28.0,15.18518518518519,810.0,123.0,687.0
STPM P1 2027,PA1 ESEI 2026,Johor,28.0,14.266666666666673,750.0,107.0,643.0
STPM P1 2027,PA1 ESEI 2026,Melaka,28.0,26.66666666666667,60.0,16.0,44.0
STPM P1 2027,MUET THEMATICAL 2026,TOTAL,38.0,4.90196078431373,1428.0,70.0,1358.0
STPM P1 2027,MUET THEMATICAL 2026,Johor,38.0,4.969879518072284,1328.0,66.0,1262.0
STPM P1 2027,MUET THEMATICAL 2026,Melaka,38.0,4.0000000000000036,100.0,4.0,96.0
STPM P1 2027,MUET MTP 2026,TOTAL,25.0,38.38095238095238,1050.0,403.0,647.0
STPM P1 2027,MUET MTP 2026,Johor,25.0,34.42105263157895,950.0,327.0,623.0
STPM P1 2027,MUET MTP 2026,Melaka,25.0,76.0,100.0,76.0,24.0
STPM P1 2027,SV1 RUJUKAN 2026,TOTAL,32.0,26.551724137931032,580.0,154.0,426.0
STPM P1 2027,SV1 RUJUKAN 2026,Johor,32.0,28.26923076923077,520.0,147.0,373.0
STPM P1 2027,SV1 RUJUKAN 2026,Melaka,32.0,11.66666666666667,60.0,7.0,53.0
STPM P1 2027,SJH1 MTP 2026,TOTAL,10.0,0.0,1550.0,0.0,1550.0
STPM P1 2027,SJH1 MTP 2026,Johor,10.0,0.0,1300.0,0.0,1300.0
STPM P1 2027,SJH1 MTP 2026,Melaka,10.0,0.0,250.0,0.0,250.0
STPM P1 2027,EK1 RUJUKAN 2025,TOTAL,22.0,65.51724137931035,145.0,95.0,50.0
STPM P1 2027,EK1 RUJUKAN 2025,Johor,22.0,65.83333333333333,120.0,79.0,41.0
STPM P1 2027,EK1 RUJUKAN 2025,Melaka,22.0,64.0,25.0,16.0,9.0
STPM P1 2027,EK1 LEMBARAN 2025,TOTAL,15.0,8.957952468007313,547.0,49.0,498.0
STPM P1 2027,EK1 LEMBARAN 2025,Johor,15.0,9.38697318007663,522.0,49.0,473.0
STPM P1 2027,EK1 LEMBARAN 2025,Melaka,15.0,0.0,25.0,0.0,25.0
STPM P1 2027,GEO1 LEMBARAN 2026,TOTAL,38.0,0.8000000000000007,250.0,2.0,248.0
STPM P1 2027,GEO1 LEMBARAN 2026,Johor,38.0,0.0,230.0,0.0,230.0
STPM P1 2027,GEO1 LEMBARAN 2026,Melaka,38.0,9.999999999999998,20.0,2.0,18.0
STPM P1 2027,GEO1 MTP 2026,TOTAL,11.0,37.33333333333333,300.0,112.0,188.0
STPM P1 2027,GEO1 MTP 2026,Johor,11.0,36.78571428571429,280.0,103.0,177.0
STPM P1 2027,GEO1 MTP 2026,Melaka,11.0,44.99999999999999,20.0,9.0,11.0
STPM P1 2027,KMK1 RUJ 2026,TOTAL,44.0,6.349206349206349,252.0,16.0,236.0
STPM P1 2027,KMK1 RUJ 2026,Johor,44.0,7.920792079207917,202.0,16.0,186.0
STPM P1 2027,KMK1 RUJ 2026,Melaka,44.0,0.0,50.0,0.0,50.0
STPM P1 2027,KMK1 MTP 2026,TOTAL,12.0,4.6875,320.0,15.0,305.0
STPM P1 2027,KMK1 MTP 2026,Johor,12.0,6.521739130434778,230.0,15.0,215.0
STPM P1 2027,KMK1 MTP 2026,Melaka,12.0,0.0,90.0,0.0,90.0
STPM P1 2027,AKAUN 1 RUJUKAN 2026,TOTAL,38.0,11.250000000000004,160.0,18.0,142.0
STPM P1 2027,AKAUN 1 RUJUKAN 2026,Johor,38.0,0.0,70.0,0.0,70.0
STPM P1 2027,AKAUN 1 RUJUKAN 2026,Melaka,38.0,19.999999999999996,90.0,18.0,72.0
STPM P1 2027,BM1 NOTA 2026,TOTAL,18.0,9.578207381370829,1138.0,109.0,1029.0
STPM P1 2027,BM1 NOTA 2026,Johor,18.0,0.0,838.0,0.0,838.0
STPM P1 2027,BM1 NOTA 2026,Melaka,18.0,36.33333333333333,300.0,109.0,191.0
STPM P1 2027,BM1 MTP 2026,TOTAL,12.0,14.687975646879758,1314.0,193.0,1121.0
STPM P1 2027,BM1 MTP 2026,Johor,12.0,0.0,814.0,0.0,814.0
STPM P1 2027,BM1 MTP 2026,Melaka,12.0,38.6,500.0,193.0,307.0
STPM P1 2027,PP1 MODUL 2026,TOTAL,20.0,59.02777777777778,144.0,85.0,59.0
STPM P1 2027,PP1 MODUL 2026,Johor,20.0,59.02777777777778,144.0,85.0,59.0
STPM P1 2027,PP1 MODUL 2026,Melaka,20.0,0.0,0.0,0.0,0.0
STPM P1 2027,PP 1 MTP 2026,TOTAL,38.0,35.677083333333336,768.0,274.0,494.0
STPM P1 2027,PP 1 MTP 2026,Johor,38.0,35.677083333333336,768.0,274.0,494.0
STPM P1 2027,PP 1 MTP 2026,Melaka,38.0,0.0,0.0,0.0,0.0
STPM P1 2027,BIO 1 RUJUKAN 2026,TOTAL,38.0,50.0,20.0,10.0,10.0
STPM P1 2027,BIO 1 RUJUKAN 2026,Johor,38.0,60.0,10.0,6.0,4.0
STPM P1 2027,BIO 1 RUJUKAN 2026,Melaka,38.0,40.0,10.0,4.0,6.0
STPM P1 2027,BIO 1 TOPIKAL 2025,TOTAL,38.0,16.000000000000004,25.0,4.0,21.0
STPM P1 2027,BIO 1 TOPIKAL 2025,Johor,38.0,19.999999999999996,20.0,4.0,16.0
STPM P1 2027,BIO 1 TOPIKAL 2025,Melaka,38.0,0.0,5.0,0.0,5.0
STPM P1 2027,BIO 1 MTP 2025,TOTAL,38.0,19.999999999999996,15.0,3.0,12.0
STPM P1 2027,BIO 1 MTP 2025,Johor,38.0,19.999999999999996,10.0,2.0,8.0
STPM P1 2027,BIO 1 MTP 2025,Melaka,38.0,19.999999999999996,5.0,1.0,4.0
STPM P1 2027,KIMIA 1 LEMBARAN 2026,TOTAL,38.0,42.38095238095239,210.0,89.0,121.0
STPM P1 2027,KIMIA 1 LEMBARAN 2026,Johor,38.0,43.529411764705884,170.0,74.0,96.0
STPM P1 2027,KIMIA 1 LEMBARAN 2026,Melaka,38.0,37.5,40.0,15.0,25.0
STPM P1 2027,ARAB 1 LEMBARAN 2026,TOTAL,38.0,0.0,60.0,0.0,60.0
STPM P1 2027,ARAB 1 LEMBARAN 2026,Johor,38.0,0.0,30.0,0.0,30.0
STPM P1 2027,ARAB 1 LEMBARAN 2026,Melaka,38.0,0.0,30.0,0.0,30.0
STPM P1 2027,SYARIAH 1 LEMBARAN 2026,TOTAL,38.0,35.55555555555555,90.0,32.0,58.0
STPM P1 2027,SYARIAH 1 LEMBARAN 2026,Johor,38.0,53.333333333333336,60.0,32.0,28.0
STPM P1 2027,SYARIAH 1 LEMBARAN 2026,Melaka,38.0,0.0,30.0,0.0,30.0
STPM P1 2027,USUL 1 LEMBARAN 2026,TOTAL,38.0,0.0,40.0,0.0,40.0
STPM P1 2027,USUL 1 LEMBARAN 2026,Johor,38.0,0.0,0.0,0.0,0.0
STPM P1 2027,USUL 1 LEMBARAN 2026,Melaka,38.0,0.0,40.0,0.0,40.0
STPM P3 2026,PAM3 NOTA 2026,TOTAL,29.0,1.1887913954146567,3533.0,42.0,3491.0
STPM P3 2026,PAM3 NOTA 2026,Johor,29.0,1.5481017323995538,2713.0,42.0,2671.0
STPM P3 2026,PAM3 NOTA 2026,Melaka,29.0,0.0,820.0,0.0,820.0
STPM P3 2026,PAM3 MTP 2026,TOTAL,12.0,0.04286326618088143,2333.0,1.0,2332.0
STPM P3 2026,PAM3 MTP 2026,Johor,12.0,0.0,1753.0,0.0,1753.0
STPM P3 2026,PAM3 MTP 2026,Melaka,12.0,0.17241379310344307,580.0,1.0,579.0
STPM P3 2026,SJH3 MODUL 2026,TOTAL,20.0,0.0,700.0,0.0,700.0
STPM P3 2026,SJH3 MODUL 2026,Johor,20.0,0.0,600.0,0.0,600.0
STPM P3 2026,SJH3 MODUL 2026,Melaka,20.0,0.0,100.0,0.0,100.0
STPM P3 2026,SJH3 MTP 2026,TOTAL,12.0,4.714285714285715,1400.0,66.0,1334.0
STPM P3 2026,SJH3 MTP 2026,Johor,12.0,3.0088495575221197,1130.0,34.0,1096.0
STPM P3 2026,SJH3 MTP 2026,Melaka,12.0,11.851851851851848,270.0,32.0,238.0
STPM P3 2026,EK3 RUJUKAN 2026,TOTAL,30.0,0.0,1335.0,0.0,1335.0
STPM P3 2026,EK3 RUJUKAN 2026,Johor,30.0,0.0,1285.0,0.0,1285.0
STPM P3 2026,EK3 RUJUKAN 2026,Melaka,30.0,0.0,50.0,0.0,50.0
STPM P3 2026,KMK3 RUJ 2026,TOTAL,19.0,12.5,400.0,50.0,350.0
STPM P3 2026,KMK3 RUJ 2026,Johor,19.0,14.70588235294118,340.0,50.0,290.0
STPM P3 2026,KMK3 RUJ 2026,Melaka,19.0,0.0,60.0,0.0,60.0
STPM P3 2026,KMK3 MTP 2026,TOTAL,12.0,0.0,400.0,0.0,400.0
STPM P3 2026,KMK3 MTP 2026,Johor,12.0,0.0,265.0,0.0,265.0
STPM P3 2026,KMK3 MTP 2026,Melaka,12.0,0.0,135.0,0.0,135.0
STPM P3 2026,AKAUN3 RUJUKAN 2026,TOTAL,34.0,3.076923076923077,130.0,4.0,126.0
STPM P3 2026,AKAUN3 RUJUKAN 2026,Johor,34.0,5.714285714285716,70.0,4.0,66.0
STPM P3 2026,AKAUN3 RUJUKAN 2026,Melaka,34.0,0.0,60.0,0.0,60.0
STPM P3 2026,BIO3 RUJUKAN 2026,TOTAL,48.0,22.499999999999996,40.0,9.0,31.0
STPM P3 2026,BIO3 RUJUKAN 2026,Johor,48.0,24.0,25.0,6.0,19.0
STPM P3 2026,BIO3 RUJUKAN 2026,Melaka,48.0,19.999999999999996,15.0,3.0,12.0
STPM P3 2026,BIO3 TOPIKAL 2026,TOTAL,24.0,2.1739130434782594,46.0,1.0,45.0
STPM P3 2026,BIO3 TOPIKAL 2026,Johor,24.0,3.57142857142857,28.0,1.0,27.0
STPM P3 2026,BIO3 TOPIKAL 2026,Melaka,24.0,0.0,18.0,0.0,18.0
STPM P3 2026,ARAB3 LEMBARAN 2026,TOTAL,20.0,33.333333333333336,90.0,30.0,60.0
STPM P3 2026,ARAB3 LEMBARAN 2026,Johor,20.0,60.0,50.0,30.0,20.0
STPM P3 2026,ARAB3 LEMBARAN 2026,Melaka,20.0,0.0,40.0,0.0,40.0
STPM P3 2026,SUKAN3 MODUL 2026,TOTAL,28.0,0.0,176.0,0.0,176.0
STPM P3 2026,SUKAN3 MODUL 2026,Johor,28.0,0.0,142.0,0.0,142.0
STPM P3 2026,SUKAN3 MODUL 2026,Melaka,28.0,0.0,34.0,0.0,34.0
STPM P3 2026,BM3 NOTA 2026,TOTAL,18.0,0.0,215.0,0.0,215.0
STPM P3 2026,BM3 NOTA 2026,Johor,18.0,0.0,215.0,0.0,215.0
STPM P3 2026,BM3 NOTA 2026,Melaka,18.0,0.0,0.0,0.0,0.0
STPM P3 2026,BM3 MTP 2026,TOTAL,12.0,1.7751479289940808,676.0,12.0,664.0
STPM P3 2026,BM3 MTP 2026,Johor,12.0,1.8181818181818188,660.0,12.0,648.0
STPM P3 2026,BM3 MTP 2026,Melaka,12.0,0.0,16.0,0.0,16.0
IPG Aug 2026,PEDAGOGI,TOTAL,23.0,1.0309278350515427,388.0,4.0,384.0
IPG Aug 2026,PEDAGOGI,Johor,23.0,0.0,308.0,0.0,308.0
IPG Aug 2026,PEDAGOGI,Melaka,23.0,5.000000000000004,80.0,4.0,76.0
IPG Aug 2026,TEKNOLOGI UNTUK PENGAJARAN,TOTAL,29.0,100.0,70.0,70.0,0.0
IPG Aug 2026,DAN PEMBELAJARAN,Johor,25.0,0.0,0.0,0.0,0.0
IPG Aug 2026,DAN PEMBELAJARAN,Melaka,25.0,100.0,70.0,70.0,0.0
IPG Aug 2026,INOVASI DIGITAL DALAM,TOTAL,22.0,9.333333333333337,75.0,7.0,68.0
IPG Aug 2026,PENGAJARAN & PEMBELAJARAN,Johor,25.0,9.333333333333337,75.0,7.0,68.0
IPG Aug 2026,PENGAJARAN & PEMBELAJARAN,Melaka,25.0,0.0,0.0,0.0,0.0
IPG Aug 2026,SINTAKSIS BAHASA MELAYU,TOTAL,25.0,3.0120481927710885,166.0,5.0,161.0
IPG Aug 2026,SINTAKSIS BAHASA MELAYU,Johor,25.0,5.555555555555558,90.0,5.0,85.0
IPG Aug 2026,SINTAKSIS BAHASA MELAYU,Melaka,25.0,0.0,76.0,0.0,76.0
IPG Aug 2026,"PEDAGOGI, IBADAH, ADAB & JAWI",TOTAL,23.0,19.999999999999996,60.0,12.0,48.0
IPG Aug 2026,"PEDAGOGI, IBADAH, ADAB & JAWI",Johor,23.0,30.000000000000004,20.0,6.0,14.0
IPG Aug 2026,"PEDAGOGI, IBADAH, ADAB & JAWI",Melaka,23.0,15.000000000000002,40.0,6.0,34.0
IPG Aug 2026,PENGANTAR BAHASA MELAYU,TOTAL,38.0,10.526315789473683,380.0,40.0,340.0
IPG Aug 2026,PENGANTAR BAHASA MELAYU,Johor,38.0,10.526315789473683,380.0,40.0,340.0
IPG Aug 2026,PENGANTAR BAHASA MELAYU,Melaka,38.0,0.0,0.0,0.0,0.0
IPG Aug 2026,ENGLISH LANGUAGE PROFICIENCY,TOTAL,20.0,0.0,560.0,0.0,560.0
IPG Aug 2026,ENGLISH LANGUAGE PROFICIENCY,Johor,20.0,0.0,290.0,0.0,290.0
IPG Aug 2026,ENGLISH LANGUAGE PROFICIENCY,Melaka,20.0,0.0,270.0,0.0,270.0
IPG Aug 2026,FONETIK DAN FONOLOGI,TOTAL,25.0,0.0,104.0,0.0,104.0
IPG Aug 2026,BAHASA MELAYU,Johor,38.0,0.0,74.0,0.0,74.0
IPG Aug 2026,BAHASA MELAYU,Melaka,38.0,0.0,30.0,0.0,30.0
IPG Aug 2026,KEMAHIRAN AL-QURAN,TOTAL,38.0,0.0,145.0,0.0,145.0
IPG Aug 2026,KEMAHIRAN AL-QURAN,Johor,38.0,0.0,115.0,0.0,115.0
IPG Aug 2026,KEMAHIRAN AL-QURAN,Melaka,38.0,0.0,30.0,0.0,30.0
IPG Aug 2026,FIQH SIRAH DAN DAKWAH,TOTAL,16.0,0.0,19.0,0.0,19.0
IPG Aug 2026,DALAM PENDIDIKAN ISLAM,Johor,20.0,0.0,19.0,0.0,19.0
IPG Aug 2026,DALAM PENDIDIKAN ISLAM,Melaka,20.0,0.0,0.0,0.0,0.0
IPG Aug 2026,PENGANTAR ILMU FIQH,TOTAL,30.0,0.0,29.0,0.0,29.0
IPG Aug 2026,PENGANTAR ILMU FIQH,Johor,30.0,0.0,29.0,0.0,29.0
IPG Aug 2026,PENGANTAR ILMU FIQH,Melaka,30.0,0.0,0.0,0.0,0.0
IPG Aug 2026,KEMAHIRAN BELAJAR,TOTAL,25.0,100.0,270.0,270.0,0.0
IPG Aug 2026,KEMAHIRAN BELAJAR,Johor,25.0,0.0,0.0,0.0,0.0
IPG Aug 2026,KEMAHIRAN BELAJAR,Melaka,25.0,100.0,270.0,270.0,0.0
IPG Aug 2026,PENGANTAR AKIDAH ISLAMIAH,TOTAL,25.0,0.0,23.0,0.0,23.0
IPG Aug 2026,PENGANTAR AKIDAH ISLAMIAH,Johor,25.0,0.0,23.0,0.0,23.0
IPG Aug 2026,PENGANTAR AKIDAH ISLAMIAH,Melaka,25.0,0.0,0.0,0.0,0.0
IPG Aug 2026,PENDIDIKAN ISLAM,TOTAL,20.0,0.0,100.0,0.0,100.0
IPG Aug 2026,PENDIDIKAN ISLAM,Johor,20.0,0.0,100.0,0.0,100.0
IPG Aug 2026,PENDIDIKAN ISLAM,Melaka,20.0,0.0,0.0,0.0,0.0
IPG Aug 2026,PENULISAN AKADEMIK,TOTAL,23.0,0.0,663.0,0.0,663.0
IPG Aug 2026,PENULISAN AKADEMIK,Johor,23.0,0.0,463.0,0.0,463.0
IPG Aug 2026,PENULISAN AKADEMIK,Melaka,23.0,0.0,200.0,0.0,200.0
IPG Aug 2026,PSIKOLOGI PERKEMBANGAN,TOTAL,25.0,0.0,11.0,0.0,11.0
IPG Aug 2026,KANAK-KANAK DAN REMAJA,Johor,38.0,0.0,11.0,0.0,11.0
IPG Aug 2026,KANAK-KANAK DAN REMAJA,Melaka,38.0,0.0,0.0,0.0,0.0
IPG Aug 2026,PSIKOLOGI PEMBELAJARAN,TOTAL,26.0,0.0,40.0,0.0,40.0
IPG Aug 2026,PSIKOLOGI PEMBELAJARAN,Johor,26.0,0.0,40.0,0.0,40.0
IPG Aug 2026,PSIKOLOGI PEMBELAJARAN,Melaka,26.0,0.0,0.0,0.0,0.0
KV S2 2026,KV2 NOTA 2026,TOTAL,38.0,0.0,757.0,0.0,757.0
KV S2 2026,KV2 NOTA 2026,Johor,38.0,0.0,542.0,0.0,542.0
KV S2 2026,KV2 NOTA 2026,Melaka,38.0,0.0,215.0,0.0,215.0
KV S2 2026,KV2 NOTA 2025,TOTAL,38.0,0.0,53.0,0.0,53.0
KV S2 2026,KV2 NOTA 2025,Johor,38.0,0.0,53.0,0.0,53.0
KV S2 2026,KV2 NOTA 2025,Melaka,38.0,0.0,0.0,0.0,0.0
GKT LK 2027,GKT4_LEMB 2027,TOTAL,34.0,0.0,0.0,0.0,0.0
GKT LK 2027,GKT4_LEMB 2027,Johor,34.0,0.0,0.0,0.0,0.0
GKT LK 2027,GKT4_LEMB 2027,Melaka,34.0,0.0,0.0,0.0,0.0
GKT LK 2027,GKT5_LEMB 2027,TOTAL,30.0,0.0,0.0,0.0,0.0
GKT LK 2027,GKT5_LEMB 2027,Johor,30.0,0.0,0.0,0.0,0.0
GKT LK 2027,GKT5_LEMB 2027,Melaka,30.0,0.0,0.0,0.0,0.0
GKT LK 2027,GKT_SPM 2027,TOTAL,25.0,0.0,0.0,0.0,0.0
GKT LK 2027,GKT_SPM 2027,Johor,25.0,0.0,0.0,0.0,0.0
GKT LK 2027,GKT_SPM 2027,Melaka,25.0,0.0,0.0,0.0,0.0
GKT LK 2027,LK4_LEMB 2027,TOTAL,34.0,0.0,0.0,0.0,0.0
GKT LK 2027,LK4_LEMB 2027,Johor,34.0,0.0,0.0,0.0,0.0
GKT LK 2027,LK4_LEMB 2027,Melaka,34.0,0.0,0.0,0.0,0.0
GKT LK 2027,LK5_LEMB 2025,TOTAL,29.0,0.0,186.0,0.0,186.0
GKT LK 2027,LK5_LEMB 2025,Johor,29.0,0.0,186.0,0.0,186.0
GKT LK 2027,LK5_LEMB 2025,Melaka,29.0,0.0,0.0,0.0,0.0
GKT LK 2027,LK5_LEMB 2027,TOTAL,29.0,0.0,0.0,0.0,0.0
GKT LK 2027,LK5_LEMB 2027,Johor,29.0,0.0,0.0,0.0,0.0
GKT LK 2027,LK5_LEMB 2027,Melaka,29.0,0.0,0.0,0.0,0.0
GKT LK 2027,LK5_SPM 2027,TOTAL,24.0,0.0,0.0,0.0,0.0
GKT LK 2027,LK5_SPM 2027,Johor,24.0,0.0,0.0,0.0,0.0
GKT LK 2027,LK5_SPM 2027,Melaka,24.0,0.0,0.0,0.0,0.0
